_id,DryBulbFarenheit,DewPointFarenheit,RelativeHumidity,WindSpeed,WindDirection,HourlyPrecip,segment_id,effort_id,WBAN,distance,average_watts,rank,moving_time,elapsed_time,average_hr,athlete_gender,neighborhood_index,start_date_local,Segement Direction
93193_20110514_1053,65,36, 34, 5,VR , ,681150,63414631,93193,1203.3,,10,406,406,,M,0,2011-05-14T10:51:38Z,341.4782490234142
93193_20110604_0753,59,52, 78, 3,350,0.02,681150,19669799,93193,1177.0,,26,375,561,146.5,M,0,2011-06-04T07:25:30Z,341.4782490234142
93193_20130316_1253,75,53, 46, 3,290, ,681150,762764413,93193,1215.8,182.3,11,413,413,159.5,M,0,2013-03-16T12:36:21Z,341.4782490234142
93193_20141229_1153,50,37, 61, 6,150, ,681150,5525892980,93193,1198.3,193.2,17,460,460,,M,0,2014-12-29T11:29:58Z,341.4782490234142
93193_20120204_1353,66,27, 23, 5,280, ,681150,71231846,93193,1211.5,149.0,20,479,479,139.7,M,0,2012-02-04T13:21:13Z,341.4782490234142
93193_20130316_1253,75,53, 46, 3,290, ,681150,764011235,93193,1201.3,137.6,24,551,551,134.1,M,0,2013-03-16T12:37:34Z,341.4782490234142
93193_20140503_1253,85,44, 24, 0,000, ,681150,3114987859,93193,1185.4,147.0,23,532,532,,M,0,2014-05-03T12:47:32Z,341.4782490234142
93193_20150208_1153,69,59, 71,14,130, ,681150,5935058918,93193,1177.6,295.4,3,331,331,139.0,M,0,2015-02-08T11:06:02Z,341.4782490234142
93193_20110604_0753,59,52, 78, 3,350,0.02,681150,19669799,93193,1177.0,,26,375,561,146.5,M,0,2011-06-04T07:25:30Z,341.4782490234142
93193_20150208_1153,69,59, 71,14,130, ,681150,5926028155,93193,1232.5,245.4,27,385,562,,,0,2015-02-08T11:10:57Z,341.4782490234142
23232_20140617_1853,80,27, 14, 9,350, ,7929527,4810377241,23232,1739.4,430.8,26,136,136,177.3,M,0,2014-06-17T18:32:52Z,279.3400780162235
23232_20130423_1853,74,40, 29, 9,220, ,7929527,4257288657,23232,1682.1,296.8,37,138,138,,M,0,2013-04-23T18:36:45Z,279.3400780162235
23232_20120922_1253,88,44, 22, 3,VR , ,7929527,4257291501,23232,1728.1,191.2,203,181,181,152.3,M,0,2012-09-22T12:33:21Z,279.3400780162235
23232_20130324_1153,66,37, 34, 0,000, ,7929527,4257290486,23232,1729.0,64.5,678,283,283,,M,0,2013-03-24T11:14:47Z,279.3400780162235
23232_20120721_1053,88,51, 28, 0,000, ,7929527,4257291689,23232,1668.2,141.0,276,195,195,136.1,M,0,2012-07-21T10:02:42Z,279.3400780162235
23232_20141115_1753,55,52, 90, 0,000, ,7929527,5201449330,23232,1746.2,106.9,449,231,231,,M,0,2014-11-15T17:52:18Z,279.3400780162235
23232_20131028_1553,65,36, 34, 5,VR , ,7929527,4257288254,23232,1714.6,81.5,558,249,249,174.1,F,0,2013-10-28T15:46:07Z,279.3400780162235
23232_20140617_1053,76,41, 29,14,330, ,7929527,4275701225,23232,1741.5,96.4,482,235,235,,F,0,2014-06-17T10:35:11Z,279.3400780162235
23232_20110630_1853,82,55, 40, 8,220, ,7929527,4257293350,23232,1682.0,317.9,76,148,148,172.2,M,0,2011-06-30T18:15:15Z,279.3400780162235
23232_20130505_0953,66,45, 47,14,240, ,7929527,4257290423,23232,1726.0,134.6,597,259,259,,F,0,2013-05-05T09:43:42Z,279.3400780162235
552ab9e2fe36ad05d42730d1,,,,,,,7481157,4301427690,24157,695.6,144.3,11,133,133,,M,0,2014-08-22T10:30:40Z,89.90448469856301
552ab9e2fe36ad05d42730c8,,,,,,,7481157,4496794945,24157,700.1,336.2,2,85,85,,M,0,2014-09-07T11:44:07Z,89.90448469856301
552ab9e2fe36ad05d42730c8,,,,,,,7481157,4496794945,24157,700.1,336.2,2,85,85,,M,0,2014-09-07T11:44:07Z,89.90448469856301
552ab9e2fe36ad05d42730cc,,,,,,,7481157,3615448836,24157,692.4,,6,117,117,,M,0,2012-04-22T13:17:29Z,89.90448469856301
552ab9e2fe36ad05d42730d1,,,,,,,7481157,4301427690,24157,695.6,144.3,11,133,133,,M,0,2014-08-22T10:30:40Z,89.90448469856301
552ab9e2fe36ad05d42730c9,,,,,,,7481157,4496774891,24157,699.0,275.6,3,87,87,,M,0,2014-09-07T11:44:07Z,89.90448469856301
552ab9e2fe36ad05d42730d6,,,,,,,7481157,3615448865,24157,687.9,133.5,15,163,163,,M,0,2014-04-13T12:57:24Z,89.90448469856301
552ab9e2fe36ad05d42730d6,,,,,,,7481157,3615448865,24157,687.9,133.5,15,163,163,,M,0,2014-04-13T12:57:24Z,89.90448469856301
552ab9e2fe36ad05d42730ca,,,,,,,7481157,3615448911,24157,694.1,251.1,4,89,89,,M,0,2013-06-01T13:21:45Z,89.90448469856301
552ab9e2fe36ad05d42730d6,,,,,,,7481157,3615448865,24157,687.9,133.5,15,163,163,,M,0,2014-04-13T12:57:24Z,89.90448469856301
5522889bfe36ad2c4e2bfada,,,,,,,5999789,2474087490,00135,481.3,56.1,4682,170,187,,M,0,2014-02-11T08:05:25Z,243.5609605906496
55228877fe36ad2c4e2beb40,,,,,,,5999789,2289051909,00135,254.5,255.0,610,40,40,,M,0,2014-01-11T10:13:52Z,243.5609605906496
55228877fe36ad2c4e2beb11,,,,,,,5999789,2002426983,00135,282.2,202.6,610,40,40,,M,0,2012-05-10T08:46:28Z,243.5609605906496
55228885fe36ad2c4e2bf076,,,,,,,5999789,2002429254,00135,282.1,,1840,48,48,,M,0,2013-07-28T13:22:41Z,243.5609605906496
55228887fe36ad2c4e2bf1b5,,,,,,,5999789,2002426644,00135,293.6,184.6,2310,51,51,146.5,M,0,2012-10-20T11:54:19Z,243.5609605906496
5522888ffe36ad2c4e2bf558,,,,,,,5999789,2002426491,00135,305.0,138.2,3248,61,61,128.7,M,0,2013-01-13T10:45:58Z,243.5609605906496
55228875fe36ad2c4e2bea34,,,,,,,5999789,2399624793,00135,301.3,227.9,357,38,38,150.7,M,0,2013-01-01T09:59:01Z,243.5609605906496
5522888ffe36ad2c4e2bf5ad,,,,,,,5999789,2002423106,00135,301.6,123.1,3325,62,62,,M,0,2013-05-19T17:42:41Z,243.5609605906496
55228879fe36ad2c4e2bebe6,,,,,,,5999789,2002430365,00135,298.3,162.5,744,41,41,,M,0,2013-08-13T17:35:03Z,243.5609605906496
55228888fe36ad2c4e2bf24e,,,,,,,5999789,2698897693,00135,305.1,227.0,2433,52,52,,M,0,2014-03-15T18:56:33Z,243.5609605906496
5521d037fe36ad2c4ee9204d,,,,,,,1145424,111231860,53130,357.5,,51,56,56,,M,0,2010-07-27T00:15:32Z,0.4372760138553531
5521d03bfe36ad2c4ee92232,,,,,,,1145424,1750900627,53130,346.5,145.4,535,157,157,,M,0,2013-09-26T18:02:19Z,0.4372760138553531
53130_20130216_1147,75,12, 9, 7,100, ,1145424,684421120,53130,452.6,181.6,532,154,154,160.4,M,0,2013-02-16T11:14:43Z,0.4372760138553531
53130_20140325_0647,55,48, 77, 0,000, ,1145424,2774966818,53130,349.2,277.8,136,69,69,,M,0,2014-03-25T06:19:39Z,0.4372760138553531
53130_20120427_1147,66,48, 52, 6,160, ,1145424,139438509,53130,343.1,305.5,221,78,78,,M,0,2012-04-27T11:22:54Z,0.4372760138553531
53130_20130522_1147,72,54, 53, 6,130, ,1145424,1016267150,53130,344.6,206.3,443,113,113,,M,0,2013-05-22T11:37:18Z,0.4372760138553531
53130_20131001_1747,72,55, 55, 0,000, ,1145424,1780818728,53130,335.1,574.3,35,50,50,,M,0,2013-10-01T17:57:46Z,0.4372760138553531
53130_20130810_1247,75,54, 48, 7,120, ,1145424,1456832836,53130,346.6,328.8,216,77,77,171.5,M,0,2013-08-10T12:59:04Z,0.4372760138553531
53130_20150311_0947,68,37, 32, 0,000, ,1145424,6241607681,53130,351.5,243.5,440,112,112,,M,0,2015-03-11T09:15:27Z,0.4372760138553531
53130_20140130_1047,57,46, 67, 0,000, ,1145424,2405258848,53130,348.7,279.2,371,99,99,,M,0,2014-01-30T10:32:58Z,0.4372760138553531
552abc00fe36ad05d4279958,,,,,,,4507567,3702331395,24141,8828.1,179.2,246,1634,1762,146.1,M,0,2014-06-21T14:13:45Z,343.58221467115857
552abbfefe36ad05d42798cc,,,,,,,4507567,3796198827,24141,8840.5,186.1,106,1506,1506,,M,0,2014-07-06T06:34:45Z,343.58221467115857
552abbfefe36ad05d42798c6,,,,,,,4507567,3614465341,24141,8877.6,209.6,100,1488,1488,,M,0,2014-06-21T12:59:18Z,343.58221467115857
552abc00fe36ad05d4279981,,,,,,,4507567,4250003508,24141,8833.0,189.5,287,1855,1855,138.0,M,0,2014-08-17T09:19:49Z,343.58221467115857
552abc00fe36ad05d42799c4,,,,,,,4507567,4288253028,24141,8881.3,141.8,354,2094,2094,,M,0,2014-08-21T11:11:38Z,343.58221467115857
552abc00fe36ad05d42799c1,,,,,,,4507567,1179539899,24141,8851.2,187.6,351,1792,2067,148.3,M,0,2013-06-22T13:25:08Z,343.58221467115857
552abc00fe36ad05d42799c5,,,,,,,4507567,3643903775,24141,8813.3,149.9,355,1555,2098,144.3,M,0,2014-06-23T12:01:00Z,343.58221467115857
552abc01fe36ad05d42799fa,,,,,,,4507567,3667091821,24141,8926.9,145.3,408,2008,2962,,M,0,2014-06-26T07:58:41Z,343.58221467115857
552abbfefe36ad05d4279929,,,,,,,4507567,1177159736,24141,8824.6,207.3,199,1681,1681,,M,0,2011-08-10T09:38:08Z,343.58221467115857
552abc00fe36ad05d4279971,,,,,,,4507567,1177158789,24141,8855.5,,271,1658,1816,,M,0,2011-06-25T13:31:43Z,343.58221467115857
552aca26fe36ad05d42ac599,,,,,,,4123758,3994047015,94276,2978.5,82.8,324,593,1070,,M,0,2014-07-26T13:00:38Z,232.15417726020695
552aca26fe36ad05d42ac559,,,,,,,4123758,1204377517,94276,2789.8,122.1,260,329,329,,M,0,2013-06-29T13:23:50Z,232.15417726020695
552aca24fe36ad05d42ac4b2,,,,,,,4123758,992343898,94276,2785.1,152.2,93,258,258,146.9,M,0,2012-05-20T10:37:09Z,232.15417726020695
552aca24fe36ad05d42ac4b1,,,,,,,4123758,5996193718,94276,2742.6,135.5,89,257,257,,M,0,2015-02-14T11:28:02Z,232.15417726020695
552aca26fe36ad05d42ac569,,,,,,,4123758,3851756192,94276,2764.6,99.7,273,338,338,,M,0,2014-07-13T10:29:12Z,232.15417726020695
552aca26fe36ad05d42ac57d,,,,,,,4123758,3558135822,94276,2760.6,112.8,296,410,410,,M,0,2014-06-14T15:49:30Z,232.15417726020695
552aca26fe36ad05d42ac581,,,,,,,4123758,3717731494,94276,2764.8,83.3,300,369,517,,M,0,2014-06-14T12:56:55Z,232.15417726020695
552aca24fe36ad05d42ac48c,,,,,,,4123758,992344046,94276,2763.0,143.2,55,249,249,,M,0,2012-08-04T16:36:51Z,232.15417726020695
552aca26fe36ad05d42ac54e,,,,,,,4123758,5018103906,94276,2766.1,94.0,247,318,318,,F,0,2014-10-27T14:17:31Z,232.15417726020695
552aca24fe36ad05d42ac4f3,,,,,,,4123758,992343999,94276,2757.5,,158,276,276,,M,0,2012-04-08T17:30:59Z,232.15417726020695
55234c82fe36ad2c4e3b47e9,,,,,,,1372305,154273162,24225,2860.8,219.3,30,437,437,,M,0,2012-04-07T11:50:47Z,152.78408153504347
55234c82fe36ad2c4e3b4803,,,,,,,1372305,3851118831,24225,2825.0,148.0,56,491,491,,F,0,2014-07-04T10:18:12Z,152.78408153504347
55234c82fe36ad2c4e3b4808,,,,,,,1372305,427802721,24225,2825.6,131.2,61,519,519,161.0,M,0,2012-10-03T15:51:18Z,152.78408153504347
55234c82fe36ad2c4e3b47f3,,,,,,,1372305,1198898459,24225,3097.3,266.5,40,433,464,,M,0,2013-06-28T10:00:44Z,152.78408153504347
55234c82fe36ad2c4e3b47cf,,,,,,,1372305,6430299995,24225,2827.6,293.2,4,346,346,157.0,M,0,2015-03-21T10:30:24Z,152.78408153504347
55234c82fe36ad2c4e3b4811,,,,,,,1372305,3816864292,24225,3047.2,148.5,70,569,569,,F,0,2014-07-04T09:45:43Z,152.78408153504347
55234c82fe36ad2c4e3b47f2,,,,,,,1372305,5774025139,24225,2833.8,172.3,38,454,454,176.9,M,0,2015-01-25T15:19:16Z,152.78408153504347
55234c82fe36ad2c4e3b47cc,,,,,,,1372305,1026782845,24225,2838.6,307.2,1,340,340,,M,0,2008-08-03T12:03:21Z,152.78408153504347
55234c82fe36ad2c4e3b47fc,,,,,,,1372305,830557544,24225,2812.1,243.9,49,478,478,,M,0,2013-04-06T12:03:32Z,152.78408153504347
55234c82fe36ad2c4e3b481d,,,,,,,1372305,2865674278,24225,2853.7,183.2,82,656,656,161.4,M,0,2014-04-05T12:51:52Z,152.78408153504347
93210_20130517_1153,69,46, 44,M,M, ,4144629,1002135985,93210,4318.6,,1,1432,1432,,M,0,2013-05-17T11:07:13Z,189.04001550243675
93210_20130517_1153,69,46, 44,M,M, ,4144629,1002135985,93210,4318.6,,1,1432,1432,,M,0,2013-05-17T11:07:13Z,189.04001550243675
93210_20130517_1153,69,46, 44,M,M, ,4144629,1002135985,93210,4318.6,,1,1432,1432,,M,0,2013-05-17T11:07:13Z,189.04001550243675
93210_20130517_1153,69,46, 44,M,M, ,4144629,1002135985,93210,4318.6,,1,1432,1432,,M,0,2013-05-17T11:07:13Z,189.04001550243675
93210_20130517_1153,69,46, 44,M,M, ,4144629,1002135985,93210,4318.6,,1,1432,1432,,M,0,2013-05-17T11:07:13Z,189.04001550243675
93210_20130517_1153,69,46, 44,M,M, ,4144629,1002135985,93210,4318.6,,1,1432,1432,,M,0,2013-05-17T11:07:13Z,189.04001550243675
93210_20130517_1153,69,46, 44,M,M, ,4144629,1002135985,93210,4318.6,,1,1432,1432,,M,0,2013-05-17T11:07:13Z,189.04001550243675
93210_20130517_1153,69,46, 44,M,M, ,4144629,1002135985,93210,4318.6,,1,1432,1432,,M,0,2013-05-17T11:07:13Z,189.04001550243675
93210_20130517_1153,69,46, 44,M,M, ,4144629,1002135985,93210,4318.6,,1,1432,1432,,M,0,2013-05-17T11:07:13Z,189.04001550243675
93210_20130517_1153,69,46, 44,M,M, ,4144629,1002135985,93210,4318.6,,1,1432,1432,,M,0,2013-05-17T11:07:13Z,189.04001550243675
23273_20150113_1551,67,49, 53, 6,240, ,8433771,5668486103,23273,3768.4,212.8,1466,423,423,,M,0,2015-01-13T15:19:27Z,266.98932980090905
23273_20150314_0851,72,45, 38, 0,000, ,8433771,6282275925,23273,3773.7,161.7,2303,465,465,,M,0,2015-03-14T08:46:35Z,266.98932980090905
23273_20141220_1418,66,56, 70, 6,270, ,8433771,5457484018,23273,3762.4,129.6,3323,596,596,,F,0,2014-12-20T14:57:16Z,266.98932980090905
23273_20141018_1120,79,51, 38,18,310, ,8433771,5109660985,23273,3777.0,142.7,2609,485,485,,M,0,2014-10-18T11:26:02Z,266.98932980090905
23273_20130309_0851,53,40, 62, 7,030, ,8433771,5110032341,23273,3756.1,137.8,2619,486,486,,M,0,2013-03-09T08:27:03Z,266.98932980090905
23273_20120310_0716,43,39, 86, 3,160, ,8433771,5110067858,23273,3742.9,291.8,95,333,333,140.2,M,0,2012-03-10T07:51:00Z,266.98932980090905
23273_20140308_0751,57,43, 60, 0,000, ,8433771,5109855620,23273,3791.6,219.3,1406,419,419,,M,0,2014-03-08T07:57:47Z,266.98932980090905
23273_20140614_1251,72,53, 51,10,300, ,8433771,5109769586,23273,3770.1,235.9,2599,484,484,151.6,M,0,2014-06-14T12:43:20Z,266.98932980090905
23273_20120310_0716,43,39, 86, 3,160, ,8433771,5110067826,23273,3771.8,250.9,259,356,356,157.9,M,0,2012-03-10T07:51:16Z,266.98932980090905
23273_20150314_0851,72,45, 38, 0,000, ,8433771,6306908077,23273,3760.6,230.5,54,321,321,148.0,M,0,2015-03-14T08:34:11Z,266.98932980090905
93228_20140427_1554,60,43, 54,15,270, ,7387152,4812869183,93228,2534.1,,1193,355,394,,F,0,2014-04-27T15:29:46Z,128.07223626107475
93228_20120804_0852,57,54, 90, 5,250, ,7387152,3478527194,93228,2535.9,,1260,401,401,,M,0,2012-08-04T08:59:31Z,128.07223626107475
93228_20131014_0954,63,48, 58, 3,270, ,7387152,3478525715,93228,2575.3,205.1,471,329,329,,M,0,2013-10-14T09:06:08Z,128.07223626107475
93228_20140914_1054,72,59, 64, 7,280, ,7387152,5733289341,93228,2539.0,231.3,165,295,295,,M,0,2014-09-14T10:50:11Z,128.07223626107475
93228_20150404_1154,59,44, 58,14,290, ,7387152,6542640950,93228,2729.9,113.6,1790,468,844,,F,0,2015-04-04T11:09:20Z,128.07223626107475
93228_20140427_1554,60,43, 54,15,270, ,7387152,3478510848,93228,2536.6,248.3,572,337,337,143.8,M,0,2014-04-27T15:32:53Z,128.07223626107475
93228_20131221_1154,53,45, 74, 7,270, ,7387152,3478511929,93228,2510.8,203.2,314,317,317,,M,0,2013-12-21T11:57:58Z,128.07223626107475
93228_20131229_1154,65,22, 19, 0,000, ,7387152,3478510478,93228,2552.5,191.9,793,325,356,,M,0,2013-12-29T11:24:18Z,128.07223626107475
93228_20121014_1022,61,57, 87, 3,300, ,7387152,3478519863,93228,2533.7,352.3,165,295,295,,M,0,2012-10-14T10:31:46Z,128.07223626107475
93228_20140614_0954,70,55, 59, 7,280, ,7387152,3539696532,93228,2528.6,,626,342,342,,M,0,2014-06-14T09:13:53Z,128.07223626107475
03166_20130718_0553,67,53, 61, 0,000, ,6793298,2613787810,03166,14122.1,175.0,1,1640,17436,,M,0,2013-07-18T05:39:42Z,187.62631467659054
03166_20130718_0553,67,53, 61, 0,000, ,6793298,2613787810,03166,14122.1,175.0,1,1640,17436,,M,0,2013-07-18T05:39:42Z,187.62631467659054
03166_20130718_0553,67,53, 61, 0,000, ,6793298,2613787810,03166,14122.1,175.0,1,1640,17436,,M,0,2013-07-18T05:39:42Z,187.62631467659054
03166_20130718_0553,67,53, 61, 0,000, ,6793298,2613787810,03166,14122.1,175.0,1,1640,17436,,M,0,2013-07-18T05:39:42Z,187.62631467659054
03166_20130718_0553,67,53, 61, 0,000, ,6793298,2613787810,03166,14122.1,175.0,1,1640,17436,,M,0,2013-07-18T05:39:42Z,187.62631467659054
03166_20130718_0553,67,53, 61, 0,000, ,6793298,2613787810,03166,14122.1,175.0,1,1640,17436,,M,0,2013-07-18T05:39:42Z,187.62631467659054
03166_20130718_0553,67,53, 61, 0,000, ,6793298,2613787810,03166,14122.1,175.0,1,1640,17436,,M,0,2013-07-18T05:39:42Z,187.62631467659054
03166_20130718_0553,67,53, 61, 0,000, ,6793298,2613787810,03166,14122.1,175.0,1,1640,17436,,M,0,2013-07-18T05:39:42Z,187.62631467659054
03166_20130718_0553,67,53, 61, 0,000, ,6793298,2613787810,03166,14122.1,175.0,1,1640,17436,,M,0,2013-07-18T05:39:42Z,187.62631467659054
03166_20130718_0553,67,53, 61, 0,000, ,6793298,2613787810,03166,14122.1,175.0,1,1640,17436,,M,0,2013-07-18T05:39:42Z,187.62631467659054
23129_20140614_0853,68,54, 61, 3,VR , ,4954788,3542051366,23129,1921.5,,56,324,324,101.7,,0,2014-06-14T08:32:46Z,297.89184187048625
23129_20140401_2200,57,43, 60, 8,270, ,4954788,2849463883,23129,1949.8,203.8,42,249,249,,M,0,2014-04-01T22:10:10Z,297.89184187048625
23129_20140415_2253,58,51, 78, 3,190, ,4954788,2956526839,23129,1956.9,156.4,13,210,210,,M,0,2014-04-15T22:23:35Z,297.89184187048625
23129_20140408_2253,63,45, 52, 6,320, ,4954788,4050120498,23129,1938.3,157.3,46,259,259,,M,0,2014-04-08T22:07:45Z,297.89184187048625
23129_20150401_1653,70,50, 49,11,290, ,4954788,6506000171,23129,1906.2,146.0,34,235,235,,M,0,2015-04-01T16:39:40Z,297.89184187048625
23129_20121029_1853,66,48, 52, 0,000, ,4954788,1397627550,23129,1937.5,188.4,20,215,215,143.7,M,0,2012-10-29T18:22:56Z,297.89184187048625
23129_20140226_1553,63,48, 58, 9,180, ,4954788,2572131412,23129,1944.4,206.8,14,211,211,,F,0,2014-02-26T15:49:15Z,297.89184187048625
23129_20110622_0753,62,58, 87, 3,VR , ,4954788,1397628110,23129,1923.7,,31,233,233,134.1,M,0,2011-06-22T07:09:54Z,297.89184187048625
23129_20140624_1853,70,57, 64, 9,290, ,4954788,3652753670,23129,1932.3,227.2,24,220,220,,M,0,2014-06-24T18:10:36Z,297.89184187048625
23129_20140408_2253,63,45, 52, 6,320, ,4954788,4050120498,23129,1938.3,157.3,46,259,259,,M,0,2014-04-08T22:07:45Z,297.89184187048625
23152_20141228_1553,59,25, 27, 7,200, ,2750135,5607877480,23152,488.9,140.9,49,67,67,,M,0,2014-12-28T15:20:34Z,266.9556198734514
23152_20150219_0836,54,52, 93, 0,000, ,2750135,6046587998,23152,509.2,278.8,29,64,64,,M,0,2015-02-19T08:13:12Z,266.9556198734514
23152_20110518_1853,61,46, 58, 3,110, ,2750135,504394421,23152,515.8,,246,105,105,123.2,M,0,2011-05-18T18:09:35Z,266.9556198734514
23152_20130922_1953,69,53, 57, 6,130, ,2750135,1727194506,23152,526.0,99.0,270,111,111,,M,0,2013-09-22T19:50:50Z,266.9556198734514
23152_20130909_1853,70,58, 66,11,120, ,2750135,1658425813,23152,534.1,155.0,69,70,70,,M,0,2013-09-09T18:40:46Z,266.9556198734514
23152_20130909_1853,70,58, 66,11,120, ,2750135,1658425813,23152,534.1,155.0,69,70,70,,M,0,2013-09-09T18:40:46Z,266.9556198734514
23152_20150125_1253,78,25, 14, 5,160, ,2750135,5774093275,23152,505.3,120.6,270,111,111,134.3,M,0,2015-01-25T12:33:25Z,266.9556198734514
23152_20140927_1053,72,51, 48, 3,VR , ,2750135,4717194723,23152,494.8,151.5,159,84,84,122.5,M,0,2014-09-27T10:45:11Z,266.9556198734514
23152_20140606_1453,76,54, 47,11,180, ,2750135,3452623580,23152,515.5,138.1,189,90,90,,M,0,2014-06-06T14:13:12Z,266.9556198734514
23152_20130123_1553,72,28, 19, 9,130, ,2750135,625558900,23152,528.9,128.3,295,90,117,,M,0,2013-01-23T15:17:28Z,266.9556198734514
552336dbfe36ad2c4e372b19,,,,,,,1197753,2603768440,00206,4053.8,189.7,596,315,315,136.9,M,0,2014-03-02T10:46:15Z,261.9434376580424
00206_20150404_0915,64,M,M, 5,240, ,1197753,6544740388,00206,4048.4,124.0,86,257,257,,M,0,2015-04-04T09:22:29Z,261.9434376580424
00206_20150404_0915,64,M,M, 5,240, ,1197753,6544971460,00206,4050.6,130.8,549,302,302,,M,0,2015-04-04T09:20:43Z,261.9434376580424
552336d7fe36ad2c4e3728f9,,,,,,,1197753,121115332,00206,4021.1,,53,254,254,144.2,M,0,2012-04-07T09:24:42Z,261.9434376580424
552336dcfe36ad2c4e372bc6,,,,,,,1197753,806758117,00206,4044.4,22.5,771,420,420,144.5,M,0,2013-03-30T10:10:29Z,261.9434376580424
552336ddfe36ad2c4e372bfe,,,,,,,1197753,121393114,00206,4049.2,7.5,827,1046,1046,102.4,M,0,2012-04-07T09:42:31Z,261.9434376580424
552336dbfe36ad2c4e372a93,,,,,,,1197753,809757960,00206,4067.0,124.4,459,289,289,142.7,M,0,2013-03-30T12:09:08Z,261.9434376580424
552336d7fe36ad2c4e372984,,,,,,,1197753,2989509044,00206,3989.0,204.8,187,266,266,,M,0,2014-04-19T08:50:21Z,261.9434376580424
552336d9fe36ad2c4e372993,,,,,,,1197753,127155630,00206,4048.2,166.8,208,268,268,156.0,M,0,2011-04-23T09:13:36Z,261.9434376580424
552336dbfe36ad2c4e372a57,,,,,,,1197753,363274413,00206,4061.7,166.3,394,283,283,174.1,M,0,2012-04-07T09:11:50Z,261.9434376580424
23273_20120721_1351,71,56, 59,11,320, ,7780105,4051686342,23273,2638.3,53.1,71,448,448,95.0,M,0,2012-07-21T13:14:19Z,335.04387768497776
23273_20141030_0951,77,41, 28, 8,290, ,7780105,5053502662,23273,2657.6,230.2,10,260,260,149.3,M,0,2014-10-30T09:05:37Z,335.04387768497776
23273_20150124_1851,59,31, 35, 6,100, ,7780105,5761308314,23273,2674.5,77.2,75,455,455,,M,0,2015-01-24T18:24:36Z,335.04387768497776
23273_20140112_1051,64,38, 38,18,040, ,7780105,4051686117,23273,2681.5,97.9,63,419,419,,M,0,2014-01-12T10:05:21Z,335.04387768497776
23273_20140705_0649,61,55, 81, 0,000, ,7780105,4051686664,23273,2661.8,111.0,35,334,334,,M,0,2014-07-05T06:40:31Z,335.04387768497776
23273_20120721_1251,73,56, 55,10,310, ,7780105,4051686288,23273,2647.5,52.2,74,454,454,136.2,M,0,2012-07-21T12:04:06Z,335.04387768497776
552237a4fe36ad2c4e0e6157,,,,,,,7780105,4051687064,23273,2724.1,119.3,36,336,336,150.3,M,0,2009-07-18T11:48:53Z,335.04387768497776
23273_20120426_1049,59,55, 87,15,290, ,7780105,4051686461,23273,2739.2,65.7,87,499,499,,F,0,2012-04-26T10:38:38Z,335.04387768497776
23273_20120721_1051,71,56, 59, 7,290, ,7780105,4051686834,23273,2664.1,,40,345,345,117.0,F,0,2012-07-21T10:59:28Z,335.04387768497776
23273_20150124_1851,59,31, 35, 6,100, ,7780105,5761308314,23273,2674.5,77.2,75,455,455,,M,0,2015-01-24T18:24:36Z,335.04387768497776
93138_20141224_0953,65,28, 25, 0,000, ,723125,5486477774,93138,3196.8,222.5,24,557,557,,M,0,2014-12-24T09:26:03Z,350.3998500245798
93138_20120226_1353,78,-1, 4, 3,VR , ,723125,86343385,93138,3233.7,213.9,26,559,559,141.0,F,0,2012-02-26T13:40:18Z,350.3998500245798
93138_20121228_1353,62,18, 18, 6,170, ,723125,569923942,93138,3167.5,127.5,58,635,635,,F,0,2012-12-28T13:15:17Z,350.3998500245798
93138_20130115_1353,59,15, 18, 9,110, ,723125,607908985,93138,3173.7,160.9,90,720,720,,M,0,2013-01-15T13:26:40Z,350.3998500245798
93138_20130303_1053,78,29, 17, 7,110, ,723125,725371938,93138,3232.5,109.3,147,1057,1203,,M,0,2013-03-03T10:30:58Z,350.3998500245798
93138_20150412_0853,73,50, 44, 5,070, ,723125,6664272953,93138,3220.5,159.2,99,767,767,,M,0,2015-04-12T08:45:55Z,350.3998500245798
93138_20130714_0853, 100,50, 19, 0,000, ,723125,1287558745,93138,3222.8,146.4,72,662,662,,M,0,2013-07-14T08:23:43Z,350.3998500245798
93138_20130503_1053,93,1, 3, 9,110, ,723125,936935699,93138,3250.1,184.5,94,733,733,,M,0,2013-05-03T10:33:38Z,350.3998500245798
93138_20130119_0953,68,17, 14, 3,250, ,723125,654131955,93138,3195.0,,76,679,679,133.0,F,0,2013-01-19T09:40:55Z,350.3998500245798
93138_20140118_0953,71,9, 9, 0,000, ,723125,2329393452,93138,3197.6,,125,876,876,,F,0,2014-01-18T09:58:27Z,350.3998500245798
5523615afe36ad2c4e40bf55,,,,,,,2535329,1293665619,94276,1207.8,150.5,78,337,337,142.5,M,0,2013-07-15T08:36:16Z,122.95258008130395
5523615afe36ad2c4e40bf5b,,,,,,,2535329,4314939879,94276,1223.3,246.6,84,348,348,,M,0,2014-08-23T12:46:36Z,122.95258008130395
5523615afe36ad2c4e40bf2c,,,,,,,2535329,3359306470,94276,1027.8,309.1,37,263,263,152.0,M,0,2014-05-28T14:30:45Z,122.95258008130395
5523615afe36ad2c4e40bf45,,,,,,,2535329,2969077869,94276,1112.6,173.8,61,308,308,,F,0,2014-04-17T11:15:42Z,122.95258008130395
5523615afe36ad2c4e40bf17,,,,,,,2535329,729459165,94276,1217.3,264.7,16,234,234,157.7,M,0,2013-03-04T16:12:38Z,122.95258008130395
5523615afe36ad2c4e40bf63,,,,,,,2535329,1564058281,94276,1111.4,134.8,92,366,366,,F,0,2013-08-26T11:54:15Z,122.95258008130395
5523615afe36ad2c4e40bf6e,,,,,,,2535329,5486694945,94276,1241.6,136.3,103,415,415,,M,0,2014-12-24T12:54:18Z,122.95258008130395
5523615afe36ad2c4e40bf52,,,,,,,2535329,5980679484,94276,1159.4,0.0,75,331,331,146.8,M,0,2015-02-15T09:26:14Z,122.95258008130395
5523615afe36ad2c4e40bf68,,,,,,,2535329,3503345889,94276,1200.6,121.0,97,375,392,132.1,M,0,2014-06-09T14:21:45Z,122.95258008130395
5523615afe36ad2c4e40bf71,,,,,,,2535329,2655379476,94276,1245.4,,105,421,421,,M,0,2014-03-10T11:52:21Z,122.95258008130395
24216_20140322_1154,72,25, 17, 9,360, ,1231641,2768573607,24216,18093.2,298.8,336,1745,1745,179.6,M,0,2014-03-22T11:11:01Z,217.07811798623752
24216_20150228_1054,57,39, 51, 5,010, ,1231641,6116952357,24216,18085.5,227.5,215,1665,1665,155.7,M,0,2015-02-28T10:47:40Z,217.07811798623752
24216_20150228_1054,57,39, 51, 5,010, ,1231641,6117182342,24216,18075.8,261.3,212,1664,1664,153.4,M,0,2015-02-28T10:47:40Z,217.07811798623752
24216_20140322_1054,70,25, 18,13,360, ,1231641,2785522948,24216,18100.1,273.2,92,1549,1549,,M,0,2014-03-22T10:43:07Z,217.07811798623752
24216_20140308_0954,59,39, 48, 0,000, ,1231641,2636179206,24216,18066.4,168.6,557,2565,2970,,M,0,2014-03-08T09:37:54Z,217.07811798623752
24216_20150228_1154,60,38, 44, 8,010, ,1231641,6118629469,24216,18112.1,239.5,111,1579,1579,134.9,M,0,2015-02-28T11:07:10Z,217.07811798623752
24216_20140322_1554,77,19, 11, 5,340, ,1231641,2765749232,24216,18088.0,235.7,439,1879,1879,150.5,M,0,2014-03-22T15:16:08Z,217.07811798623752
24216_20130413_1254,75,28, 18, 9,280, ,1231641,1004838441,24216,18073.6,224.8,398,1828,1828,155.6,M,0,2013-04-13T12:09:36Z,217.07811798623752
24216_20110416_1154,72,49, 44, 3,VR , ,1231641,130219740,24216,18057.3,326.5,155,1635,1635,153.6,M,0,2011-04-16T11:38:59Z,217.07811798623752
24216_20120414_1354,69,39, 34,15,350, ,1231641,6245483873,24216,18077.2,,169,1644,1644,155.2,M,0,2012-04-14T13:13:25Z,217.07811798623752
23213_20141027_1253,68,44, 42, 6,150, ,6520806,5030138095,23213,2193.1,221.5,663,1070,1070,,M,0,2014-10-27T12:00:46Z,193.38265775131458
23213_20140427_1153,63,46, 54, 3,VR , ,6520806,3112424741,23213,2167.3,200.4,443,916,916,,M,0,2014-04-27T11:59:09Z,193.38265775131458
23213_20150412_1253,77,48, 36, 6,180,  T,6520806,6669280080,23213,2212.4,,722,1141,1141,,,0,2015-04-12T12:22:31Z,193.38265775131458
23213_20150301_1153,63,35, 35, 5,300, ,6520806,6128981958,23213,2147.8,166.1,680,1091,1091,,F,0,2015-03-01T11:37:44Z,193.38265775131458
23213_20110928_1053,85,56, 37, 0,000, ,6520806,2375671260,23213,1992.8,190.3,638,1055,1055,,M,0,2011-09-28T10:22:36Z,193.38265775131458
23213_20141122_1253,69,50, 51,16,300, ,6520806,5252158001,23213,2147.8,267.4,251,796,796,168.7,M,0,2014-11-22T12:44:20Z,193.38265775131458
23213_20130330_1253,58,53, 84, 0,000,0.02,6520806,2375669240,23213,2123.6,316.2,166,667,740,,M,0,2013-03-30T12:02:07Z,193.38265775131458
23213_20130928_0953,69,40, 35, 0,000, ,6520806,2375670475,23213,2203.5,239.3,397,879,879,,M,0,2013-09-28T09:45:39Z,193.38265775131458
23213_20141108_1253,77,52, 42, 3,190, ,6520806,5126530135,23213,2334.9,120.7,911,1221,1540,,M,0,2014-11-08T12:56:55Z,193.38265775131458
23213_20121014_1153,70,56, 61, 5,190, ,6520806,2375670454,23213,2202.7,157.4,998,1198,2413,152.6,F,0,2012-10-14T11:29:33Z,193.38265775131458
23152_20120718_1853,83,42, 24, 8,260, ,5955312,1971596803,23152,402.2,52.8,10,90,122,,M,0,2012-07-18T18:43:29Z,169.13989330903746
23152_20140621_1853,74,58, 58,10,130, ,5955312,3754844239,23152,387.6,42.5,11,90,129,,M,0,2014-06-21T18:56:29Z,169.13989330903746
23152_20120718_1853,83,42, 24, 8,260, ,5955312,1971596803,23152,402.2,52.8,10,90,122,,M,0,2012-07-18T18:43:29Z,169.13989330903746
23152_20150224_1253,69,22, 17,16,350, ,5955312,6078054881,23152,372.4,59.3,14,68,149,,M,0,2015-02-24T12:19:07Z,169.13989330903746
23152_20130326_1153,72,48, 43, 7,VR , ,5955312,1971596634,23152,891.8,22.7,18,367,510,,M,0,2013-03-26T11:53:21Z,169.13989330903746
23152_20140530_1653,82,46, 28, 9,170, ,5955312,3379688124,23152,457.8,36.1,19,127,577,,M,0,2014-05-30T16:54:11Z,169.13989330903746
23152_20141103_1853,65,21, 19, 3,350, ,5955312,5085937725,23152,347.7,33.6,21,86,2435,,M,0,2014-11-03T18:28:08Z,169.13989330903746
23152_20140621_1853,74,58, 58,10,130, ,5955312,3754844239,23152,387.6,42.5,11,90,129,,M,0,2014-06-21T18:56:29Z,169.13989330903746
23152_20120718_1853,83,42, 24, 8,260, ,5955312,1971596803,23152,402.2,52.8,10,90,122,,M,0,2012-07-18T18:43:29Z,169.13989330903746
23152_20141027_2353,60,52, 75, 0,000, ,5955312,5020028357,23152,396.0,121.6,1,42,42,,F,0,2014-10-27T23:13:56Z,169.13989330903746
23129_20140513_0853,87,21, 9,17,080, ,6176305,3202140202,23129,1644.3,782.7,1,99,99,,,0,2014-05-13T08:40:13Z,277.70081527818485
23129_20150109_1253,69,46, 44, 6,140, ,6176305,5622048048,23129,1670.2,187.8,3,179,179,152.6,M,0,2015-01-09T12:45:38Z,277.70081527818485
23129_20140513_0853,87,21, 9,17,080, ,6176305,3202140202,23129,1644.3,782.7,1,99,99,,,0,2014-05-13T08:40:13Z,277.70081527818485
55219867fe36ad2b2be92578,,,,,,,6176305,3777189496,23129,1673.9,,6,286,286,,M,0,2014-07-06T20:56:12Z,277.70081527818485
23129_20150109_1253,69,46, 44, 6,140, ,6176305,5622048048,23129,1670.2,187.8,3,179,179,152.6,M,0,2015-01-09T12:45:38Z,277.70081527818485
23129_20140513_0853,87,21, 9,17,080, ,6176305,3202140202,23129,1644.3,782.7,1,99,99,,,0,2014-05-13T08:40:13Z,277.70081527818485
23129_20150402_0953,68,50, 53, 3,220, ,6176305,6523300708,23129,1647.3,341.4,2,154,154,,M,0,2015-04-02T09:07:59Z,277.70081527818485
55219867fe36ad2b2be92578,,,,,,,6176305,3777189496,23129,1673.9,,6,286,286,,M,0,2014-07-06T20:56:12Z,277.70081527818485
55219867fe36ad2b2be92578,,,,,,,6176305,3777189496,23129,1673.9,,6,286,286,,M,0,2014-07-06T20:56:12Z,277.70081527818485
23129_20131208_1153,54,28, 37, 5,VR , ,6176305,2127949892,23129,1685.6,197.4,4,198,198,,M,0,2013-12-08T11:09:00Z,277.70081527818485
55234c84fe36ad2c4e3b485a,,,,,,,8746651,6256584354,24225,1151.1,214.6,26,348,348,,F,0,2015-03-12T14:40:42Z,325.0317712038166
55234c84fe36ad2c4e3b485c,,,,,,,8746651,6421771248,24225,1137.2,187.1,28,350,350,162.4,F,0,2015-03-21T09:39:22Z,325.0317712038166
55234c84fe36ad2c4e3b4862,,,,,,,8746651,5614311460,24225,1163.7,156.3,34,451,451,,M,0,2013-10-06T11:29:59Z,325.0317712038166
55234c84fe36ad2c4e3b4850,,,,,,,8746651,6285318597,24225,1125.4,,16,305,305,175.1,F,0,2015-03-14T11:18:21Z,325.0317712038166
55234c84fe36ad2c4e3b4865,,,,,,,8746651,6335315782,24225,1161.4,205.9,37,499,499,,M,0,2015-03-15T10:40:25Z,325.0317712038166
55234c84fe36ad2c4e3b4859,,,,,,,8746651,6365283998,24225,1144.9,216.5,25,338,338,,F,0,2015-03-21T09:35:26Z,325.0317712038166
55234c84fe36ad2c4e3b485b,,,,,,,8746651,5614311320,24225,1150.4,228.9,27,349,349,,M,0,2014-03-13T16:39:18Z,325.0317712038166
55234c84fe36ad2c4e3b4863,,,,,,,8746651,5614311485,24225,810.6,263.8,35,407,466,132.6,M,0,2014-03-22T11:58:25Z,325.0317712038166
55234c84fe36ad2c4e3b4856,,,,,,,8746651,6370327422,24225,1149.4,287.5,22,319,319,,M,0,2015-03-21T10:00:35Z,325.0317712038166
55234c84fe36ad2c4e3b4848,,,,,,,8746651,6279678763,24225,1160.5,283.5,8,267,267,163.9,M,0,2015-03-14T11:18:17Z,325.0317712038166
23152_20130414_0953,59,47, 65, 6,130, ,6819295,2656909490,23152,147.2,53.5,72,20,20,,F,0,2013-04-14T09:10:26Z,308.388047085223
23152_20150322_0953,62,52, 70, 6,150, ,6819295,6555594248,23152,154.1,102.2,370,28,28,,M,0,2015-03-22T09:43:38Z,308.388047085223
23152_20140906_0753,72,59, 64, 0,000, ,6819295,4477440631,23152,147.6,37.2,415,30,30,,F,0,2014-09-06T07:42:30Z,308.388047085223
23152_20130701_2153,81,62, 53, 6,150, ,6819295,2656908817,23152,150.9,183.1,100,21,21,156.1,M,0,2013-07-01T21:17:50Z,308.388047085223
23152_20120717_1853,69,54, 59, 6,170, ,6819295,2656894873,23152,146.4,86.0,72,20,20,154.4,M,0,2012-07-17T18:24:40Z,308.388047085223
23152_20130123_1253,77,29, 17,10,120, ,6819295,2656854430,23152,143.2,75.1,273,25,25,,,0,2013-01-23T12:26:40Z,308.388047085223
23152_20150304_1053,65,33, 30, 6,230, ,6819295,6159434950,23152,125.6,31.1,177,23,23,122.4,M,0,2015-03-04T10:01:39Z,308.388047085223
23152_20120701_1053,75,57, 54, 7,160, ,6819295,2656898712,23152,151.8,,415,30,30,,F,0,2012-07-01T10:54:09Z,308.388047085223
23152_20120715_0953,73,58, 59, 8,140, ,6819295,2656894829,23152,147.5,112.9,220,24,24,,M,0,2012-07-15T09:28:48Z,308.388047085223
23152_20150117_1453,78,27, 15, 0,000, ,6819295,5708583445,23152,164.9,127.7,273,25,25,,F,0,2015-01-17T14:20:51Z,308.388047085223
03167_20140620_1153,76,57, 52, 9,240, ,7474736,3602539247,03167,383.9,313.4,1,34,34,,M,0,2014-06-20T11:16:35Z,347.20786761896744
03167_20140620_1153,76,57, 52, 9,240, ,7474736,3602539247,03167,383.9,313.4,1,34,34,,M,0,2014-06-20T11:16:35Z,347.20786761896744
03167_20140620_1153,76,57, 52, 9,240, ,7474736,3602539247,03167,383.9,313.4,1,34,34,,M,0,2014-06-20T11:16:35Z,347.20786761896744
03167_20140620_1153,76,57, 52, 9,240, ,7474736,3602539247,03167,383.9,313.4,1,34,34,,M,0,2014-06-20T11:16:35Z,347.20786761896744
03167_20140620_1153,76,57, 52, 9,240, ,7474736,3602539247,03167,383.9,313.4,1,34,34,,M,0,2014-06-20T11:16:35Z,347.20786761896744
03167_20140620_1153,76,57, 52, 9,240, ,7474736,3602539247,03167,383.9,313.4,1,34,34,,M,0,2014-06-20T11:16:35Z,347.20786761896744
03167_20140620_1153,76,57, 52, 9,240, ,7474736,3602539247,03167,383.9,313.4,1,34,34,,M,0,2014-06-20T11:16:35Z,347.20786761896744
03167_20140620_1153,76,57, 52, 9,240, ,7474736,3602539247,03167,383.9,313.4,1,34,34,,M,0,2014-06-20T11:16:35Z,347.20786761896744
03167_20140620_1153,76,57, 52, 9,240, ,7474736,3602539247,03167,383.9,313.4,1,34,34,,M,0,2014-06-20T11:16:35Z,347.20786761896744
03167_20140620_1153,76,57, 52, 9,240, ,7474736,3602539247,03167,383.9,313.4,1,34,34,,M,0,2014-06-20T11:16:35Z,347.20786761896744
24216_20150301_1454,68,28, 22,10,360, ,7946809,6130034164,24216,3581.8,296.2,1,337,337,,M,0,2015-03-01T14:15:53Z,143.6041975801645
24216_20150107_1654,62,46, 56, 3,150, ,7946809,5607291469,24216,3604.3,132.8,6,467,467,,M,0,2015-01-07T16:04:26Z,143.6041975801645
24216_20150228_1254,61,36, 39, 0,000, ,7946809,6116662091,24216,3586.5,114.2,11,514,849,147.4,M,0,2015-02-28T12:37:20Z,143.6041975801645
24216_20150228_1254,61,36, 39, 0,000, ,7946809,6116123756,24216,3590.4,112.6,11,511,849,,M,0,2015-02-28T12:37:21Z,143.6041975801645
24216_20141226_1354,57,27, 32,22,350, ,7946809,5499345890,24216,3620.3,202.1,2,355,355,,M,0,2014-12-26T13:34:31Z,143.6041975801645
24216_20150301_1454,68,28, 22,10,360, ,7946809,6130034164,24216,3581.8,296.2,1,337,337,,M,0,2015-03-01T14:15:53Z,143.6041975801645
24216_20150301_1454,68,28, 22,10,360, ,7946809,6130034164,24216,3581.8,296.2,1,337,337,,M,0,2015-03-01T14:15:53Z,143.6041975801645
24216_20140323_1454,75,37, 25, 6,220, ,7946809,5741746348,24216,3617.8,124.2,7,522,522,,M,0,2014-03-23T14:58:07Z,143.6041975801645
24216_20120723_1854,92,58, 32,14,170, ,7946809,4279569639,24216,3608.8,170.0,9,510,588,,M,0,2012-07-23T18:27:31Z,143.6041975801645
24216_20120831_1254,81,45, 28, 9,180, ,7946809,4279569631,24216,3589.2,69.3,10,690,690,,M,0,2012-08-31T12:34:23Z,143.6041975801645
03102_20141120_2053,59,54, 84, 7,240, ,5124805,5235982357,03102,2480.2,183.7,1,914,914,,M,0,2014-11-20T20:13:00Z,144.34954517184337
03102_20141120_2053,59,54, 84, 7,240, ,5124805,5235982357,03102,2480.2,183.7,1,914,914,,M,0,2014-11-20T20:13:00Z,144.34954517184337
03102_20130814_1953,72,59, 64, 8,260, ,5124805,1484661476,03102,2599.0,137.0,2,1187,1305,,M,0,2013-08-14T19:12:23Z,144.34954517184337
03102_20130814_1953,72,59, 64, 8,260, ,5124805,1484661476,03102,2599.0,137.0,2,1187,1305,,M,0,2013-08-14T19:12:23Z,144.34954517184337
03102_20130814_1953,72,59, 64, 8,260, ,5124805,1484661476,03102,2599.0,137.0,2,1187,1305,,M,0,2013-08-14T19:12:23Z,144.34954517184337
03102_20141120_2053,59,54, 84, 7,240, ,5124805,5235982357,03102,2480.2,183.7,1,914,914,,M,0,2014-11-20T20:13:00Z,144.34954517184337
03102_20141120_2053,59,54, 84, 7,240, ,5124805,5235982357,03102,2480.2,183.7,1,914,914,,M,0,2014-11-20T20:13:00Z,144.34954517184337
03102_20130814_1953,72,59, 64, 8,260, ,5124805,1484661476,03102,2599.0,137.0,2,1187,1305,,M,0,2013-08-14T19:12:23Z,144.34954517184337
03102_20130814_1953,72,59, 64, 8,260, ,5124805,1484661476,03102,2599.0,137.0,2,1187,1305,,M,0,2013-08-14T19:12:23Z,144.34954517184337
03102_20141120_2053,59,54, 84, 7,240, ,5124805,5235982357,03102,2480.2,183.7,1,914,914,,M,0,2014-11-20T20:13:00Z,144.34954517184337
552ac264fe36ad05d428f76c,,,,,,,7561250,3733847706,00469,12136.4,136.0,1522,1472,1472,,M,0,2013-07-13T10:38:15Z,222.16666844010905
552ac262fe36ad05d428f6c9,,,,,,,7561250,3733849814,00469,12263.3,157.8,1357,1435,1435,,M,0,2013-07-13T09:31:10Z,222.16666844010905
552ac26bfe36ad05d428fa50,,,,,,,7561250,3838787120,00469,12404.1,292.0,2263,1384,2727,,M,0,2014-07-12T07:39:33Z,222.16666844010905
552ac262fe36ad05d428f6b7,,,,,,,7561250,3733847253,00469,12096.8,225.1,1340,1432,1432,152.4,M,0,2013-04-26T07:28:17Z,222.16666844010905
552ac26bfe36ad05d428fa59,,,,,,,7561250,3858060732,00469,12107.0,96.7,2272,1693,3335,174.0,M,0,2014-07-12T11:40:38Z,222.16666844010905
552ac26bfe36ad05d428fa2c,,,,,,,7561250,3904123540,00469,12098.1,116.8,2227,1518,2302,144.8,M,0,2014-07-12T08:44:35Z,222.16666844010905
552ac260fe36ad05d428f61a,,,,,,,7561250,3733848065,00469,12096.6,179.3,1182,1402,1402,138.6,M,0,2013-07-13T09:20:48Z,222.16666844010905
552ac257fe36ad05d428f23c,,,,,,,7561250,3733848632,00469,12091.3,215.9,188,1191,1191,,M,0,2013-07-13T08:21:04Z,222.16666844010905
552ac25cfe36ad05d428f439,,,,,,,7561250,3840675898,00469,12167.9,182.3,697,1302,1302,,M,0,2014-07-12T08:45:55Z,222.16666844010905
552ac260fe36ad05d428f589,,,,,,,7561250,3853429543,00469,12159.3,160.5,1038,1372,1372,,M,0,2014-07-12T09:09:39Z,222.16666844010905
03178_20150124_1053,73,19, 13, 3,310, ,6288668,5758934085,03178,4407.8,240.3,3,1280,1280,176.1,M,0,2015-01-24T10:20:33Z,101.32588301947419
03178_20140920_1253,75,60, 60,10,270, ,6288668,4645453408,03178,4422.1,194.9,6,1366,1366,157.7,M,0,2014-09-20T12:05:51Z,101.32588301947419
03178_20150124_1053,73,19, 13, 3,310, ,6288668,5759265488,03178,4387.2,254.2,2,1212,1227,,M,0,2015-01-24T10:20:40Z,101.32588301947419
03178_20150124_1053,73,19, 13, 3,310, ,6288668,5758934085,03178,4407.8,240.3,3,1280,1280,176.1,M,0,2015-01-24T10:20:33Z,101.32588301947419
03178_20150124_1053,73,19, 13, 3,310, ,6288668,5760010477,03178,4377.1,280.2,1,1204,1204,144.7,M,0,2015-01-24T10:20:33Z,101.32588301947419
03178_20150124_1053,73,19, 13, 3,310, ,6288668,5759265488,03178,4387.2,254.2,2,1212,1227,,M,0,2015-01-24T10:20:40Z,101.32588301947419
03178_20150124_1053,73,19, 13, 3,310, ,6288668,5759612525,03178,4402.5,224.5,5,1364,1364,,M,0,2015-01-24T10:20:33Z,101.32588301947419
03178_20150124_1053,73,19, 13, 3,310, ,6288668,5758934085,03178,4407.8,240.3,3,1280,1280,176.1,M,0,2015-01-24T10:20:33Z,101.32588301947419
03178_20150124_1053,73,19, 13, 3,310, ,6288668,5759612525,03178,4402.5,224.5,5,1364,1364,,M,0,2015-01-24T10:20:33Z,101.32588301947419
03178_20150124_1053,73,19, 13, 3,310, ,6288668,5758934085,03178,4407.8,240.3,3,1280,1280,176.1,M,0,2015-01-24T10:20:33Z,101.32588301947419
55235178fe36ad2c4e3c204a,,,,,,,637242,4565471336,24230,2362.9,147.1,81,1078,1078,152.2,M,0,2014-09-10T15:03:22Z,184.61788864115744
55235178fe36ad2c4e3c2038,,,,,,,637242,4588272429,24230,2406.6,158.8,63,929,994,,F,0,2014-09-10T15:31:10Z,184.61788864115744
55235178fe36ad2c4e3c207a,,,,,,,637242,4654319715,24230,2762.7,95.1,129,946,1370,142.3,F,0,2014-09-10T15:41:40Z,184.61788864115744
55235178fe36ad2c4e3c20a1,,,,,,,637242,4564706273,24230,2427.1,156.3,168,1485,1795,,M,0,2014-09-10T16:00:01Z,184.61788864115744
55235178fe36ad2c4e3c2023,,,,,,,637242,4530239954,24230,2398.5,220.0,42,894,894,,M,0,2014-09-10T13:59:02Z,184.61788864115744
55235178fe36ad2c4e3c202c,,,,,,,637242,4530070196,24230,2453.0,198.8,51,936,936,,M,0,2014-09-10T13:37:20Z,184.61788864115744
55235178fe36ad2c4e3c2069,,,,,,,637242,4582255042,24230,2625.0,184.8,112,1007,1247,67.5,M,0,2014-09-10T15:59:20Z,184.61788864115744
55235178fe36ad2c4e3c20a8,,,,,,,637242,4536533309,24230,1773.0,142.3,175,1216,1942,123.6,M,0,2014-09-10T15:51:04Z,184.61788864115744
55235178fe36ad2c4e3c2026,,,,,,,637242,4532503488,24230,2341.7,210.6,45,905,905,,M,0,2014-09-10T14:52:12Z,184.61788864115744
55235178fe36ad2c4e3c2022,,,,,,,637242,2645942568,24230,2366.8,223.8,41,886,886,150.5,M,0,2014-03-04T14:39:51Z,184.61788864115744
23234_20120824_1556,67,51, 57,24,290, ,5324826,5214519075,23234,690.7,236.6,3972,86,86,,M,0,2012-08-24T15:00:25Z,215.9073299231922
23234_20140714_0956,72,58, 62, 8,330, ,5324826,3859290534,23234,691.1,111.4,5827,96,96,136.1,M,0,2014-07-14T09:34:02Z,215.9073299231922
23234_20130427_1456,58,47, 67,24,290, ,5324826,1591516731,23234,705.7,153.4,8200,113,113,,M,0,2013-04-27T14:12:04Z,215.9073299231922
23234_20130804_1256,65,50, 59,17,310, ,5324826,1591443618,23234,728.9,171.6,8445,116,116,,M,0,2013-08-04T12:58:24Z,215.9073299231922
23234_20140809_1956,61,56, 84,13,260, ,5324826,4159849097,23234,684.7,326.0,77,56,56,105.6,M,0,2014-08-09T19:11:39Z,215.9073299231922
23234_20150314_1456,73,62, 69, 9,020, ,5324826,6281768383,23234,698.8,228.9,7249,105,105,,M,0,2015-03-14T14:17:28Z,215.9073299231922
23234_20130812_1756,60,51, 72,20,290, ,5324826,1591443984,23234,695.2,208.0,5307,93,93,121.7,M,0,2013-08-12T17:30:45Z,215.9073299231922
23234_20140601_0856,61,53, 75, 6,020, ,5324826,3420268666,23234,690.9,285.9,1113,70,70,,M,0,2014-06-01T08:23:08Z,215.9073299231922
23234_20140223_1156,55,49, 80, 5,050, ,5324826,2552392444,23234,682.0,144.4,7249,105,105,,M,0,2014-02-23T11:30:58Z,215.9073299231922
23234_20130708_1956,59,53, 81,13,300, ,5324826,1591445603,23234,700.3,315.2,1113,70,70,,M,0,2013-07-08T19:43:48Z,215.9073299231922
5523549ffe36ad2c4e3c9085,,,,,,,4650425,4251118804,24152,772.8,167.5,21,399,399,,M,0,2014-08-09T14:48:05Z,108.50040782156753
5523549ffe36ad2c4e3c9078,,,,,,,4650425,3651846989,24152,791.2,215.5,8,303,303,,M,0,2014-06-21T15:06:58Z,108.50040782156753
5523549ffe36ad2c4e3c908c,,,,,,,4650425,1333043128,24152,775.7,122.4,28,359,553,,M,0,2013-06-16T14:36:23Z,108.50040782156753
5523549ffe36ad2c4e3c907c,,,,,,,4650425,1249281030,24152,819.1,170.6,12,335,353,,M,0,2012-09-15T16:43:56Z,108.50040782156753
5523549ffe36ad2c4e3c9084,,,,,,,4650425,4882464127,24152,806.4,150.7,20,385,385,,M,0,2013-06-16T13:26:23Z,108.50040782156753
5523549ffe36ad2c4e3c907c,,,,,,,4650425,1249281030,24152,819.1,170.6,12,335,353,,M,0,2012-09-15T16:43:56Z,108.50040782156753
5523549ffe36ad2c4e3c908e,,,,,,,4650425,1249115612,24152,819.5,77.9,30,530,630,,F,0,2013-07-06T15:25:58Z,108.50040782156753
5523549ffe36ad2c4e3c9077,,,,,,,4650425,1249115432,24152,785.8,210.1,6,294,294,160.8,M,0,2013-06-22T15:33:35Z,108.50040782156753
5523549ffe36ad2c4e3c9076,,,,,,,4650425,1249115187,24152,814.1,503.7,6,294,294,,M,0,2013-06-22T15:33:32Z,108.50040782156753
5523549ffe36ad2c4e3c9089,,,,,,,4650425,3930148928,24152,813.0,99.8,25,448,448,,F,0,2014-07-20T11:49:56Z,108.50040782156753
24283_20150308_1453,49,48, 96, 5,260, ,1474650,6213254653,24283,6931.5,110.9,5,2216,2216,153.8,F,0,2015-03-08T14:46:58Z,258.57898234601385
24283_20150308_1453,49,48, 96, 5,260, ,1474650,6213254653,24283,6931.5,110.9,5,2216,2216,153.8,F,0,2015-03-08T14:46:58Z,258.57898234601385
24283_20150308_1453,49,48, 96, 5,260, ,1474650,6213254653,24283,6931.5,110.9,5,2216,2216,153.8,F,0,2015-03-08T14:46:58Z,258.57898234601385
24283_20140523_1416,57,52, 83,13,320, ,1474650,3731464960,24283,6853.3,156.9,3,1943,1943,174.1,M,0,2014-05-23T14:09:33Z,258.57898234601385
24283_20140523_1416,57,52, 83,13,320, ,1474650,3309699491,24283,6853.3,154.1,3,1943,1943,174.1,M,0,2014-05-23T14:09:33Z,258.57898234601385
24283_20120527_1106,55,46, 72, 7,300, ,1474650,172319730,24283,6851.9,162.4,2,1701,1701,152.4,M,0,2012-05-27T11:18:49Z,258.57898234601385
24283_20140523_1416,57,52, 83,13,320, ,1474650,3731464960,24283,6853.3,156.9,3,1943,1943,174.1,M,0,2014-05-23T14:09:33Z,258.57898234601385
24283_20140523_1416,57,52, 83,13,320, ,1474650,3309699491,24283,6853.3,154.1,3,1943,1943,174.1,M,0,2014-05-23T14:09:33Z,258.57898234601385
24283_20140319_1553,61,45, 56,15,340, ,1474650,2797875916,24283,6840.3,195.8,1,1667,1667,136.1,M,0,2014-03-19T15:06:10Z,258.57898234601385
24283_20140523_1416,57,52, 83,13,320, ,1474650,3309699491,24283,6853.3,154.1,3,1943,1943,174.1,M,0,2014-05-23T14:09:33Z,258.57898234601385
24216_20130420_1054,74,31, 21,20,360, ,1371298,880965552,24216,19402.7,198.8,10,3733,3733,,M,0,2013-04-20T10:39:11Z,74.93388131272104
24216_20140920_1054,85,54, 35, 3,VR , ,1371298,4651771513,24216,19526.9,135.5,18,4312,4505,,M,0,2014-09-20T10:52:15Z,74.93388131272104
24216_20140920_1054,85,54, 35, 3,VR , ,1371298,4862302703,24216,19417.1,219.5,9,3393,3633,,M,0,2014-09-20T10:51:43Z,74.93388131272104
24216_20140920_1054,85,54, 35, 3,VR , ,1371298,4862302703,24216,19417.1,219.5,9,3393,3633,,M,0,2014-09-20T10:51:43Z,74.93388131272104
24216_20130420_1054,74,31, 21,20,360, ,1371298,880408801,24216,19404.6,219.7,15,3453,4043,139.4,M,0,2013-04-20T10:38:14Z,74.93388131272104
24216_20140920_1054,85,54, 35, 3,VR , ,1371298,4646324333,24216,19316.9,131.9,16,4210,4422,,F,0,2014-09-20T10:52:40Z,74.93388131272104
24216_20130420_1054,74,31, 21,20,360, ,1371298,880375763,24216,23441.9,160.2,13,3809,3809,168.4,M,0,2013-04-20T10:37:48Z,74.93388131272104
24216_20140823_0954,89,40, 18,14,010, ,1371298,4332627995,24216,19409.1,202.9,12,3724,3803,136.7,M,0,2014-08-23T09:53:30Z,74.93388131272104
24216_20140920_1054,85,54, 35, 3,VR , ,1371298,4646324333,24216,19316.9,131.9,16,4210,4422,,F,0,2014-09-20T10:52:40Z,74.93388131272104
24216_20120630_1054,81,49, 33, 7,200, ,1371298,208278470,24216,19469.8,260.0,2,2937,2937,,M,0,2012-06-30T10:03:21Z,74.93388131272104
23136_20110319_1055,56,44, 64, 3,190, ,5991874,1997061461,23136,1809.2,102.7,126,238,238,151.7,M,0,2011-03-19T10:21:00Z,212.92090539544202
23136_20110330_1255,77,50, 39,10,240, ,5991874,1997061468,23136,1791.6,,157,264,264,,F,0,2011-03-30T12:19:46Z,212.92090539544202
23136_20130802_1655,67,57, 70, 8,260, ,5991874,1997061696,23136,1793.8,68.9,178,323,323,,M,0,2013-08-02T16:35:08Z,212.92090539544202
55222528fe36ad2c4e085bab,,,,,,,5991874,1997061438,23136,1755.9,,135,244,244,117.7,M,0,2009-04-19T06:26:45Z,212.92090539544202
23136_20141011_1455,75,61, 62, 8,220, ,5991874,4859359218,23136,1811.5,70.7,176,317,317,,M,0,2014-10-11T14:38:30Z,212.92090539544202
23136_20141011_1055,75,61, 62, 7,VR , ,5991874,4857046090,23136,1789.9,130.5,107,226,226,,M,0,2014-10-11T10:43:51Z,212.92090539544202
55222528fe36ad2c4e085b88,,,,,,,5991874,1997061473,23136,1743.1,100.8,100,223,223,,M,0,2007-08-18T14:06:06Z,212.92090539544202
23136_20140517_0855,71,52, 51, 5,220, ,5991874,3238898603,23136,1794.0,102.3,129,241,241,,M,0,2014-05-17T08:48:12Z,212.92090539544202
23136_20120215_1043,52,48, 86, 9,270, ,5991874,3552778014,23136,1794.1,185.1,34,186,186,124.7,M,0,2012-02-15T10:43:57Z,212.92090539544202
23136_20110612_1055,67,53, 61, 6,220, ,5991874,1997061513,23136,1785.8,172.9,41,191,191,145.6,M,0,2011-06-12T10:10:31Z,212.92090539544202
552b1d8afe36ad05d445b0d8,,,,,,,6519273,3665906889,00396,1245.1,171.1,6,763,763,,M,0,2014-06-25T17:11:43Z,89.91926940622477
552b1d8afe36ad05d445b0db,,,,,,,6519273,2423795969,00396,1750.4,215.8,9,599,870,,M,0,2014-02-02T08:52:53Z,89.91926940622477
552b1d8afe36ad05d445b0de,,,,,,,6519273,6096143856,00396,1154.3,99.9,12,848,2106,,F,0,2014-07-04T12:29:31Z,89.91926940622477
552b1d8afe36ad05d445b0db,,,,,,,6519273,2423795969,00396,1750.4,215.8,9,599,870,,M,0,2014-02-02T08:52:53Z,89.91926940622477
552b1d8afe36ad05d445b0d5,,,,,,,6519273,2373548419,00396,1283.0,183.1,3,623,646,,M,0,2012-07-01T12:41:57Z,89.91926940622477
552b1d8afe36ad05d445b0d7,,,,,,,6519273,2373548451,00396,1332.6,207.1,5,755,755,,M,0,2013-07-09T09:58:14Z,89.91926940622477
00396_20140907_1015,55,54, 96, 0,000, ,6519273,4510122119,00396,1142.3,157.7,2,540,540,154.6,M,0,2014-09-07T10:14:47Z,89.91926940622477
552b1d8afe36ad05d445b0d7,,,,,,,6519273,2373548451,00396,1332.6,207.1,5,755,755,,M,0,2013-07-09T09:58:14Z,89.91926940622477
552b1d8afe36ad05d445b0d9,,,,,,,6519273,4183867402,00396,1202.6,214.3,7,582,777,,M,0,2014-08-09T17:08:57Z,89.91926940622477
00396_20140907_1015,55,54, 96, 0,000, ,6519273,4510122119,00396,1142.3,157.7,2,540,540,154.6,M,0,2014-09-07T10:14:47Z,89.91926940622477
552af5dffe36ad05d4385706,,,,,,,647810,183359816,24219,4610.3,267.9,35,727,727,177.6,M,0,2012-06-09T12:29:08Z,124.6916474543741
552af5e0fe36ad05d4385830,,,,,,,647810,3207670502,24219,4574.6,198.9,333,1021,1186,,M,0,2014-05-13T11:12:38Z,124.6916474543741
552af5dffe36ad05d4385790,,,,,,,647810,6571238240,24219,4614.6,242.2,172,896,896,,F,0,2015-03-28T14:00:34Z,124.6916474543741
552af5dffe36ad05d4385747,,,,,,,647810,6458744170,24219,4599.6,240.6,100,820,820,,M,0,2015-03-28T13:40:00Z,124.6916474543741
552af5e0fe36ad05d4385868,,,,,,,647810,5368736454,24219,4621.0,120.0,389,1708,1755,,M,0,2014-12-07T14:15:45Z,124.6916474543741
552af5e0fe36ad05d4385850,,,,,,,647810,6457851994,24219,4680.4,128.6,364,1317,1317,,F,0,2015-03-28T14:19:32Z,124.6916474543741
552af5dffe36ad05d438570a,,,,,,,647810,2826243685,24219,4570.1,339.8,39,730,730,166.0,M,0,2014-03-30T12:57:51Z,124.6916474543741
552af5e0fe36ad05d4385830,,,,,,,647810,3207670502,24219,4574.6,198.9,333,1021,1186,,M,0,2014-05-13T11:12:38Z,124.6916474543741
552af5e0fe36ad05d43857c7,,,,,,,647810,2817489207,24219,4605.4,210.0,226,950,950,170.1,M,0,2014-03-30T10:07:08Z,124.6916474543741
552af5dffe36ad05d438577b,,,,,,,647810,6456886012,24219,4602.0,227.5,150,872,872,,M,0,2015-03-28T10:20:48Z,124.6916474543741
552365fbfe36ad2c4e41c27d,,,,,,,7676059,3973366554,25507,566.7,135.2,11,177,177,,F,0,2014-07-22T13:42:35Z,209.39350899817927
552365fbfe36ad2c4e41c283,,,,,,,7676059,3899992241,25507,571.1,116.3,17,238,261,,F,0,2014-07-17T13:44:29Z,209.39350899817927
552365fbfe36ad2c4e41c281,,,,,,,7676059,4216534208,25507,570.1,139.3,15,247,247,,,0,2014-08-14T14:01:20Z,209.39350899817927
552365fbfe36ad2c4e41c27c,,,,,,,7676059,3899991731,25507,570.8,210.5,10,176,176,109.0,M,0,2014-06-19T14:05:55Z,209.39350899817927
552365fbfe36ad2c4e41c27a,,,,,,,7676059,3899991868,25507,570.1,184.1,8,162,162,,M,0,2014-07-16T13:36:55Z,209.39350899817927
552365fbfe36ad2c4e41c27d,,,,,,,7676059,3973366554,25507,566.7,135.2,11,177,177,,F,0,2014-07-22T13:42:35Z,209.39350899817927
552365fbfe36ad2c4e41c280,,,,,,,7676059,4564765775,25507,567.3,218.1,14,232,232,125.8,M,0,2014-09-13T12:50:03Z,209.39350899817927
552365fbfe36ad2c4e41c279,,,,,,,7676059,3899991882,25507,573.0,259.8,6,131,131,,M,0,2014-07-02T13:50:32Z,209.39350899817927
552365fbfe36ad2c4e41c282,,,,,,,7676059,3899991190,25507,563.8,106.5,16,251,251,167.6,M,0,2012-09-03T13:01:41Z,209.39350899817927
552365fbfe36ad2c4e41c27b,,,,,,,7676059,3899990242,25507,533.9,191.8,9,166,166,,F,0,2013-08-01T13:31:37Z,209.39350899817927
23285_20140126_1653,68,32, 26, 5,060, ,680338,2383824143,23285,1360.9,52.3,573,309,573,,M,0,2014-01-26T16:27:28Z,111.1369886894903
23285_20150219_1115,55,50, 83, 0,000, ,680338,6022553827,23285,1221.2,95.3,54,129,129,172.2,M,0,2015-02-19T11:54:25Z,111.1369886894903
23285_20150321_1253,74,47, 38, 7,240, ,680338,6367423424,23285,1280.2,37.6,352,223,223,96.0,F,0,2015-03-21T12:45:24Z,111.1369886894903
23285_20121214_0753,37,33, 86, 0,000, ,680338,545596649,23285,1198.9,39.1,180,165,165,,M,0,2012-12-14T07:08:48Z,111.1369886894903
23285_20140522_0816,61,52, 72, 3,200, ,680338,3298382537,23285,1263.1,103.1,225,176,176,,M,0,2014-05-22T08:12:40Z,111.1369886894903
23285_20141105_1953,63,46, 54, 0,000, ,680338,5103250465,23285,1286.8,33.4,411,255,255,124.9,M,0,2014-11-05T19:05:35Z,111.1369886894903
23285_20150104_1553,52,37, 57, 8,070, ,680338,5580252048,23285,1230.5,91.2,359,230,230,,M,0,2015-01-04T15:20:46Z,111.1369886894903
23285_20130611_0820,63,54, 73, 0,000, ,680338,1112453986,23285,1206.5,94.6,135,149,149,,M,0,2013-06-11T08:11:36Z,111.1369886894903
23285_20141124_1653,62,34, 35, 7,070, ,680338,5270561610,23285,1219.7,70.0,106,142,142,,M,0,2014-11-24T16:08:52Z,111.1369886894903
23285_20150216_1753,64,53, 68, 5,090, ,680338,5995330829,23285,1265.1,92.4,197,170,170,,M,0,2015-02-16T17:06:33Z,111.1369886894903
552afb5bfe36ad05d43a4d6f,,,,,,,2178376,346189898,22521,3164.8,148.4,2,382,382,,M,0,2012-08-19T15:39:40Z,246.57485368010293
552afb5bfe36ad05d43a4d76,,,,,,,2178376,646146388,22521,4265.6,,9,1193,1193,,M,0,2013-01-16T16:24:36Z,246.57485368010293
552afb5bfe36ad05d43a4d73,,,,,,,2178376,346369590,22521,3851.9,,6,681,681,119.4,,0,2012-04-18T07:48:29Z,246.57485368010293
552afb5bfe36ad05d43a4d73,,,,,,,2178376,346369590,22521,3851.9,,6,681,681,119.4,,0,2012-04-18T07:48:29Z,246.57485368010293
552afb5bfe36ad05d43a4d77,,,,,,,2178376,346369261,22521,4116.8,,10,1618,1618,141.4,F,0,2011-10-20T18:56:59Z,246.57485368010293
552afb5bfe36ad05d43a4d75,,,,,,,2178376,5967729978,22521,3258.9,42.5,8,714,763,,M,0,2015-02-14T05:54:35Z,246.57485368010293
552afb5bfe36ad05d43a4d76,,,,,,,2178376,646146388,22521,4265.6,,9,1193,1193,,M,0,2013-01-16T16:24:36Z,246.57485368010293
552afb5bfe36ad05d43a4d73,,,,,,,2178376,346369590,22521,3851.9,,6,681,681,119.4,,0,2012-04-18T07:48:29Z,246.57485368010293
552afb5bfe36ad05d43a4d77,,,,,,,2178376,346369261,22521,4116.8,,10,1618,1618,141.4,F,0,2011-10-20T18:56:59Z,246.57485368010293
552afb5bfe36ad05d43a4d75,,,,,,,2178376,5967729978,22521,3258.9,42.5,8,714,763,,M,0,2015-02-14T05:54:35Z,246.57485368010293
552afc53fe36ad05d43aa8ff,,,,,,,4565311,1205747237,22514,204.6,1.4,7,41,41,,M,0,2013-06-29T17:38:24Z,177.7835837184257
552afc53fe36ad05d43aa91a,,,,,,,4565311,1501405309,22514,299.1,83.2,34,97,97,,M,0,2013-08-17T09:36:35Z,177.7835837184257
552afc53fe36ad05d43aa914,,,,,,,4565311,1478691950,22514,336.6,149.0,28,77,77,,M,0,2013-08-13T15:50:16Z,177.7835837184257
552afc53fe36ad05d43aa916,,,,,,,4565311,1543911354,22514,362.4,,30,79,79,,M,0,2013-08-23T17:53:07Z,177.7835837184257
552afc53fe36ad05d43aa90e,,,,,,,4565311,5716746340,22514,224.9,,21,50,50,,M,0,2015-01-19T15:37:25Z,177.7835837184257
552afc53fe36ad05d43aa918,,,,,,,4565311,1518607052,22514,361.5,109.1,32,84,84,,M,0,2013-08-19T15:53:48Z,177.7835837184257
552afc53fe36ad05d43aa919,,,,,,,4565311,1558192937,22514,379.5,88.5,33,92,92,,M,0,2013-08-25T11:38:58Z,177.7835837184257
552afc53fe36ad05d43aa8fa,,,,,,,4565311,1381050388,22514,179.8,3.1,2,32,32,,M,0,2013-07-29T15:42:41Z,177.7835837184257
552afc53fe36ad05d43aa91a,,,,,,,4565311,1501405309,22514,299.1,83.2,34,97,97,,M,0,2013-08-17T09:36:35Z,177.7835837184257
552afc53fe36ad05d43aa91e,,,,,,,4565311,2255679787,22514,375.0,94.1,38,173,173,,M,0,2014-01-05T11:21:07Z,177.7835837184257
552ac8b1fe36ad05d42a5b3c,,,,,,,678435,4020282073,94240,3502.9,88.8,24,1555,1803,130.4,M,0,2014-07-13T14:05:35Z,195.7505131823547
552ac8b1fe36ad05d42a5b36,,,,,,,678435,4473586226,94240,3421.7,124.4,18,1124,1124,,M,0,2014-09-05T13:35:20Z,195.7505131823547
552ac8b1fe36ad05d42a5b27,,,,,,,678435,4172110961,94240,3403.9,244.0,3,698,698,,M,0,2014-08-06T11:43:41Z,195.7505131823547
552ac8b1fe36ad05d42a5b2e,,,,,,,678435,4174684135,94240,3372.9,170.8,10,906,906,165.5,M,0,2014-08-06T12:09:56Z,195.7505131823547
552ac8b1fe36ad05d42a5b25,,,,,,,678435,121468102,94240,3392.8,225.7,1,660,660,,M,0,2012-04-08T08:53:17Z,195.7505131823547
552ac8b1fe36ad05d42a5b3e,,,,,,,678435,4548646906,94240,3451.8,96.7,26,1331,2240,,M,0,2014-09-11T14:57:55Z,195.7505131823547
552ac8b1fe36ad05d42a5b36,,,,,,,678435,4473586226,94240,3421.7,124.4,18,1124,1124,,M,0,2014-09-05T13:35:20Z,195.7505131823547
552ac8b1fe36ad05d42a5b29,,,,,,,678435,13440591,94240,3378.8,228.3,5,714,714,,M,0,2010-05-30T08:30:15Z,195.7505131823547
552ac8b1fe36ad05d42a5b26,,,,,,,678435,4120516910,94240,3395.0,256.8,2,678,678,,M,0,2014-08-06T12:46:02Z,195.7505131823547
552ac8b1fe36ad05d42a5b26,,,,,,,678435,4120516910,94240,3395.0,256.8,2,678,678,,M,0,2014-08-06T12:46:02Z,195.7505131823547
23230_20120626_1853,66,48, 52,14,290, ,1626384,204216717,23230,1232.9,153.5,1378,362,362,,M,0,2012-06-26T18:57:34Z,334.3181523411861
23230_20140731_0853,63,56, 78, 5,320, ,1626384,4045783115,23230,1264.0,279.9,6,135,135,,M,0,2014-07-31T08:21:59Z,334.3181523411861
23230_20140926_1753,67,55, 66,15,290, ,1626384,4709216034,23230,1229.8,184.3,561,196,196,,M,0,2014-09-26T17:25:42Z,334.3181523411861
23230_20130630_1253,76,60, 58,16,290, ,1626384,1209652462,23230,1250.4,117.9,811,214,214,,F,0,2013-06-30T12:23:40Z,334.3181523411861
23230_20131014_1753,67,44, 44, 7,310, ,1626384,1859426304,23230,1241.2,167.1,975,205,227,147.8,M,0,2013-10-14T17:56:41Z,334.3181523411861
23230_20141012_0953,69,61, 76, 6,260, ,1626384,4871755609,23230,1250.5,178.4,465,190,190,,M,0,2014-10-12T09:27:14Z,334.3181523411861
23230_20120915_0853,56,51, 83, 5,230, ,1626384,2656575852,23230,1248.8,185.1,561,196,196,140.1,M,0,2012-09-15T08:53:16Z,334.3181523411861
23230_20141012_1353,86,31, 14, 8,310, ,1626384,4876296297,23230,1258.5,195.8,903,196,221,158.4,M,0,2014-10-12T13:03:02Z,334.3181523411861
23230_20140210_0751,54,52, 93, 0,000, ,1626384,2507607636,23230,1241.2,189.6,372,185,185,122.0,M,0,2014-02-10T07:14:45Z,334.3181523411861
23230_20130209_0753,40,35, 82, 3,080, ,1626384,665251335,23230,1248.9,179.5,208,176,176,145.5,M,0,2013-02-09T07:37:51Z,334.3181523411861
552af980fe36ad05d439a2dc,,,,,,,1630169,6458307453,41421,1839.5,286.7,3,318,318,,M,0,2015-03-29T07:12:39Z,175.15599075764192
552af980fe36ad05d439a2fc,,,,,,,1630169,4143608636,41421,1838.6,205.1,35,453,453,166.4,M,0,2014-08-09T07:03:29Z,175.15599075764192
552af980fe36ad05d439a2eb,,,,,,,1630169,202596288,41421,1843.8,261.9,18,382,382,179.9,F,0,2011-02-24T16:09:23Z,175.15599075764192
552af980fe36ad05d439a300,,,,,,,1630169,2584080229,41421,1871.9,213.0,39,471,471,157.0,M,0,2014-02-22T08:09:49Z,175.15599075764192
552af980fe36ad05d439a2de,,,,,,,1630169,5749592522,41421,1836.5,244.8,5,348,348,167.7,M,0,2015-01-24T08:33:26Z,175.15599075764192
552af980fe36ad05d439a2eb,,,,,,,1630169,202596288,41421,1843.8,261.9,18,382,382,179.9,F,0,2011-02-24T16:09:23Z,175.15599075764192
552af980fe36ad05d439a2ef,,,,,,,1630169,4143746114,41421,1865.8,225.9,22,401,401,,M,0,2014-08-09T07:03:05Z,175.15599075764192
552af980fe36ad05d439a2da,,,,,,,1630169,202596275,41421,1847.9,319.1,1,312,312,175.2,M,0,2010-11-29T08:28:45Z,175.15599075764192
552af980fe36ad05d439a2fa,,,,,,,1630169,1542746785,41421,1862.0,225.1,33,440,440,,M,0,2013-08-24T07:15:29Z,175.15599075764192
552af980fe36ad05d439a309,,,,,,,1630169,1599415457,41421,1884.4,,48,623,664,,M,0,2013-07-28T06:47:46Z,175.15599075764192
5523370dfe36ad2c4e3735fa,,,,,,,923544,2717782772,00206,3813.9,178.8,21,1150,1150,,F,0,2014-03-15T11:22:34Z,54.516913155823545
5523370dfe36ad2c4e373623,,,,,,,923544,1518178243,00206,3800.6,146.2,61,1449,1449,,F,0,2013-08-04T08:18:25Z,54.516913155823545
5523370dfe36ad2c4e373604,,,,,,,923544,4047930171,00206,3946.8,210.7,31,1178,1242,158.0,M,0,2014-02-15T15:33:12Z,54.516913155823545
5523370dfe36ad2c4e373612,,,,,,,923544,2212563702,00206,3754.3,169.8,44,1308,1308,159.0,M,0,2013-12-29T11:20:39Z,54.516913155823545
5523370dfe36ad2c4e373617,,,,,,,923544,467688778,00206,3853.5,161.5,50,1335,1335,,F,0,2012-10-26T11:36:56Z,54.516913155823545
5523370dfe36ad2c4e373618,,,,,,,923544,602654852,00206,3808.6,146.3,51,1343,1343,149.2,,0,2013-01-05T09:25:01Z,54.516913155823545
5523370dfe36ad2c4e3735e9,,,,,,,923544,255857935,00206,3817.9,225.1,4,913,913,,M,0,2012-07-19T16:22:34Z,54.516913155823545
5523370dfe36ad2c4e373622,,,,,,,923544,417776215,00206,3814.5,159.9,61,1449,1449,140.3,M,0,2008-06-07T06:34:29Z,54.516913155823545
5523370dfe36ad2c4e373625,,,,,,,923544,1861876242,00206,3805.0,,64,1466,1466,,M,0,2013-09-25T10:56:50Z,54.516913155823545
5523370dfe36ad2c4e373633,,,,,,,923544,746896106,00206,4024.3,,78,1327,2112,,M,0,2013-03-10T14:27:56Z,54.516913155823545
24216_20140322_1554,77,19, 11, 5,340, ,6086403,2755378023,24216,1744.7,155.3,652,211,211,131.3,F,0,2014-03-22T15:19:28Z,91.50137387372911
24216_20120414_1154,66,41, 40,17,010, ,6086403,2063879104,24216,1720.4,294.9,151,145,145,171.6,M,0,2012-04-14T11:47:27Z,91.50137387372911
24216_20130413_1054,72,34, 25, 7,350, ,6086403,2063879040,24216,1732.9,221.8,486,171,171,138.7,M,0,2013-04-13T10:18:50Z,91.50137387372911
24216_20140322_1054,70,25, 18,13,360, ,6086403,2753085652,24216,1767.2,335.4,400,162,162,150.3,M,0,2014-03-22T10:52:30Z,91.50137387372911
24216_20150228_1554,64,32, 30,16,340, ,6086403,6118615524,24216,1725.9,269.6,183,147,147,,M,0,2015-02-28T15:37:10Z,91.50137387372911
24216_20150228_1554,64,32, 30,16,340, ,6086403,6118520224,24216,1733.6,341.9,183,147,147,,M,0,2015-02-28T15:37:10Z,91.50137387372911
24216_20150228_1554,64,32, 30,16,340, ,6086403,6118931975,24216,1720.7,289.9,280,156,156,155.2,M,0,2015-02-28T15:29:44Z,91.50137387372911
552b0959fe36ad05d43e853b,,,,,,,6086403,2063878826,24216,1717.7,,531,176,176,139.9,M,0,2010-06-26T10:09:19Z,91.50137387372911
24216_20150228_1554,64,32, 30,16,340, ,6086403,6118689465,24216,1744.3,329.0,183,147,147,162.9,M,0,2015-02-28T15:37:11Z,91.50137387372911
24216_20130413_1154,73,35, 25, 7,290, ,6086403,2063879014,24216,1671.0,194.8,474,170,170,132.8,M,0,2013-04-13T11:48:34Z,91.50137387372911
23233_20140602_1253,64,48, 56,15,280, ,4359775,3415794340,23233,1942.6,98.0,551,296,319,101.7,M,0,2014-06-02T12:32:45Z,230.05185564607706
23233_20140602_1453,65,49, 56,15,290, ,4359775,3420857422,23233,1947.2,10.5,474,244,244,107.8,M,0,2014-06-02T14:15:50Z,230.05185564607706
23233_20140602_1353,64,48, 56,16,270, ,4359775,3463014458,23233,1948.1,,354,225,225,,M,0,2014-06-02T13:58:38Z,230.05185564607706
23233_20130603_1353,64,52, 65,16,300, ,4359775,1102715265,23233,1946.6,,455,241,241,,,0,2013-06-03T13:18:22Z,230.05185564607706
23233_20130603_1153,64,52, 65,14,290, ,4359775,1102715210,23233,1927.8,76.2,94,197,197,,M,0,2013-06-03T11:43:51Z,230.05185564607706
23233_20130603_1553,62,50, 65,16,300, ,4359775,1381665461,23233,1944.4,,515,263,263,,,0,2013-06-03T15:09:12Z,230.05185564607706
23233_20140602_1101,63,46, 54,11,290, ,4359775,3480925190,23233,1945.4,123.4,46,189,189,125.7,M,0,2014-06-02T11:24:11Z,230.05185564607706
23233_20130603_1453,63,51, 65,14,290, ,4359775,1102714844,23233,1945.0,31.4,474,244,244,,F,0,2013-06-03T14:09:21Z,230.05185564607706
23233_20130603_1453,63,51, 65,14,290, ,4359775,1102714229,23233,1938.0,193.3,114,199,199,144.0,M,0,2013-06-03T14:58:15Z,230.05185564607706
23233_20130603_1253,66,52, 61,15,310, ,4359775,1105076087,23233,1942.8,155.9,114,199,199,143.9,M,0,2013-06-03T12:17:35Z,230.05185564607706
552aba3cfe36ad05d4274858,,,,,,,799392,156424055,94119,2393.4,216.5,20,607,607,,M,0,2012-05-12T11:19:02Z,296.6053480524039
552aba3cfe36ad05d427485e,,,,,,,799392,3751672681,94119,2410.0,170.6,26,779,779,,M,0,2014-07-04T13:10:59Z,296.6053480524039
552aba3cfe36ad05d4274849,,,,,,,799392,3555745089,94119,2421.5,314.2,5,430,430,,M,0,2014-06-15T15:16:59Z,296.6053480524039
552aba3cfe36ad05d4274860,,,,,,,799392,1199804935,94119,2392.1,,28,1016,1016,,M,0,2013-06-28T13:16:05Z,296.6053480524039
552aba3cfe36ad05d427484d,,,,,,,799392,1410540400,94119,2342.1,283.1,9,501,501,,M,0,2013-08-03T12:59:19Z,296.6053480524039
552aba3cfe36ad05d4274855,,,,,,,799392,6234156100,94119,2419.5,219.7,17,571,571,,M,0,2015-03-10T14:13:18Z,296.6053480524039
552aba3cfe36ad05d427484f,,,,,,,799392,3773616441,94119,2390.5,297.3,11,507,507,,M,0,2014-07-06T10:52:07Z,296.6053480524039
552aba3cfe36ad05d427485d,,,,,,,799392,1374465577,94119,2440.2,,25,776,776,,M,0,2013-07-28T11:07:24Z,296.6053480524039
552aba3cfe36ad05d4274849,,,,,,,799392,3555745089,94119,2421.5,314.2,5,430,430,,M,0,2014-06-15T15:16:59Z,296.6053480524039
552aba3cfe36ad05d4274856,,,,,,,799392,308225131,94119,2397.7,219.3,18,572,572,171.9,M,0,2012-08-05T10:17:11Z,296.6053480524039
93184_20120906_1853,77,55, 47, 5,220, ,6261195,2190470299,93184,1131.0,79.8,5977,162,162,,M,0,2012-09-06T18:53:23Z,206.12107869112705
93184_20120503_1653,66,52, 61, 7,270, ,6261195,2190514287,93184,1099.8,110.3,3579,135,135,,M,0,2012-05-03T16:49:08Z,206.12107869112705
93184_20150212_1153,87,21, 9, 3,VR , ,6261195,5946605815,93184,1140.9,125.1,5634,156,156,,M,0,2015-02-12T11:39:13Z,206.12107869112705
93184_20131122_0853,64,39, 40,10,050, ,6261195,2190495655,93184,1112.1,145.4,1826,122,122,,M,0,2013-11-22T08:22:02Z,206.12107869112705
93184_20130327_1553,62,51, 67,13,220, ,6261195,2190475312,93184,1135.8,66.6,6488,174,174,143.3,M,0,2013-03-27T15:43:12Z,206.12107869112705
93184_20140727_1153,80,62, 54, 9,220,  T,6261195,4007958133,93184,1153.7,,5766,158,158,,,0,2014-07-27T11:32:22Z,206.12107869112705
93184_20140429_0953,89,12, 5,30,030, ,6261195,3071844631,93184,1106.1,262.4,228,103,103,,M,0,2014-04-29T09:46:00Z,206.12107869112705
93184_20141008_1053,83,58, 43, 8,190, ,6261195,4826265931,93184,1114.0,230.7,367,106,106,177.0,M,0,2014-10-08T10:33:48Z,206.12107869112705
93184_20130328_0653,56,49, 78, 0,000, ,6261195,2190483506,93184,1114.5,210.5,1565,120,120,149.6,M,0,2013-03-28T06:57:33Z,206.12107869112705
93184_20141115_1053,71,56, 59, 6,210, ,6261195,5188102812,93184,1099.7,134.1,3172,132,132,117.4,M,0,2014-11-15T10:11:00Z,206.12107869112705
53119_20121102_1029,59,54, 84, 0,000, ,4157873,1010609310,53119,2806.5,292.6,4,531,531,,M,0,2012-11-02T10:24:02Z,58.536103616021194
53119_20141105_1108,61,50, 67, 0,000, ,4157873,5102251444,53119,2809.1,148.6,35,810,810,,M,0,2014-11-05T11:42:38Z,58.536103616021194
53119_20150408_1553,68,37, 32, 9,020, ,4157873,6605912500,53119,2822.6,225.2,40,843,843,,M,0,2015-04-08T15:47:16Z,58.536103616021194
53119_20141229_1053,45,40, 83, 5,170, ,4157873,5525892963,53119,2820.8,182.4,31,785,785,,M,0,2014-12-29T10:21:49Z,58.536103616021194
53119_20150208_1033,60,59, 97, 9,130, ,4157873,5911984962,53119,2794.6,255.9,8,614,614,134.9,M,0,2015-02-08T10:18:07Z,58.536103616021194
53119_20140503_1053,80,49, 34, 5,VR , ,4157873,3104818519,53119,2816.4,147.6,58,1035,1035,,M,0,2014-05-03T10:16:14Z,58.536103616021194
53119_20150402_1253,70,32, 25, 6,VR , ,4157873,6515930111,53119,2814.4,118.3,45,868,868,,F,0,2015-04-02T12:40:48Z,58.536103616021194
53119_20121102_1029,59,54, 84, 0,000, ,4157873,1010609310,53119,2806.5,292.6,4,531,531,,M,0,2012-11-02T10:24:02Z,58.536103616021194
53119_20140209_1153,63,53, 70, 5,VR , ,4157873,2467098207,53119,2816.0,145.4,51,995,995,,M,0,2014-02-09T11:50:50Z,58.536103616021194
53119_20140315_1053,69,45, 42,  ,M, ,4157873,2695738771,53119,2838.0,152.9,69,884,3245,154.0,M,0,2014-03-15T10:37:53Z,58.536103616021194
